frame_id,steer,throttle,brake
0,-0.8152800359394617,0.700923614561398,0.030377944579150263
1,0.4139215071208036,0.88020664903764,0.974403765334812
2,-1.0,0.673038658971364,0.0
3,0.07941068675683371,0.81523261850229,0.0
4,-0.9413179583406058,0.6177472140302432,0.0
5,-0.8891043476042463,0.41455823281123755,0.07084776399196475
6,-0.610671463293873,0.6486506657849139,0.28524926321004807
7,-0.05774996868767748,0.8021078380724774,0.07199433208863872
8,0.10805970018467059,0.7251831972360728,0.08911652320411657
9,-0.38789447817309924,0.5639972775956432,0.010543965747163589
10,0.21126603438877106,0.15571955783214225,0.6793357187266865
11,-0.01202225008502548,0.7365330063084982,0.0
12,0.20674423698367586,0.501820921882612,0.6775885544036572
13,0.02513048495353802,0.8718161842107492,0.08396092296601229
14,-0.9147565754377583,0.9913491699413333,0.38138669201310976
15,-0.9465072386485429,0.11670830651483655,1.0
16,0.04521512225611062,0.4242793386785748,0.0
17,0.0005226250154304485,0.8030506614450026,0.021390510694532874
18,0.09022647758227592,0.8019081806750641,0.0
19,0.5078094756630664,0.6171544498267879,0.5021390825568637
20,0.14503775248857836,0.5233965469101628,0.0
21,-0.5994927492629063,0.9589012816267178,1.0
22,-0.6767942887956109,0.06655584983008994,1.0
23,0.02223574083179564,0.7512803645675539,0.07447737218962572
24,0.09975637949505825,0.8454415890157223,0.026915304231111842
25,-0.24843582807629658,0.22859618898074693,0.6675281698173688
26,-0.6971382757697949,0.8578587119500469,0.03642849416235382
27,0.05799863013465323,0.8381933149803411,0.012706868760290478
28,0.041357315998687964,0.680959188637192,0.0
29,-0.04643609330080912,0.8449458019385239,0.007085340437406705
30,0.05821364656865041,0.3996346053653691,0.0
31,0.006110939526407302,0.5010280000977779,0.0
32,0.04917714866617456,0.8647282590276204,0.0
33,-1.0,0.5609005903558059,0.33014410778268605
34,0.05750534618121488,0.7758437780568004,0.0
35,-0.01952946677423366,0.8358249051478384,0.024025554622344673
36,0.03270546513399154,0.6313610754857786,0.0
37,0.07452601467246764,0.6977748368772138,0.0
38,-0.3329990759947311,0.33984650904224134,0.8950016185781003
39,-0.6988887491685242,0.9594013209051078,0.8978606299448548
40,-0.5202621448876993,0.9748997297927452,0.3082683507568953
41,0.09967385123489915,0.40929301670259727,0.0
42,0.7021333535326744,0.4541624842638899,0.02710339729421427
43,0.10927674242027181,0.6332840339736926,0.0
44,-0.0010321955408785942,0.8778177736568338,0.020932532251616967
45,0.07884479350990592,0.7953305486196302,0.0
46,-0.04303383416541733,0.8197510358529748,0.0
47,-0.02372821695480642,0.8357921807468631,0.0
48,-0.0357008507899793,0.7322923065844075,0.0
49,-0.0005410329174013604,0.7855084774444826,0.0
50,-0.0980955571216109,0.722490544637345,0.0
51,0.06883497845210544,0.6523922976371698,0.0
52,-0.02423635969129821,0.5951363801021599,0.01659165671916461
53,0.0479133234240517,0.6750201562270361,0.010931688663189516
54,-0.0685168738591519,0.442165801931569,0.0
55,-0.07832613693572625,0.4849658148643326,0.0
56,0.07670492241030231,0.42511121439220695,0.0
57,-0.051519342938709495,0.4346605840369305,0.0
58,0.9233936701096009,0.10201084097370217,0.018727474382843317
59,0.08402818498351419,0.7036988318573859,0.15932024793024413
60,-0.15606808364247235,0.6159567071773159,0.9096182340957517
61,-0.5035537792486907,0.4946803067505202,0.08248925546202843
62,-0.41727349134965486,0.4357819226132583,0.09706056888970693
63,-0.009876534341261112,0.7777160892162536,0.0
64,0.11833355010724508,0.3930402593105969,0.12108723839791163
65,-0.0023785457102956406,0.7161416257423154,0.009157133627380996
66,-0.028329408970990295,0.632264270387523,0.011297937646324913
67,0.004667718474847121,0.5077174491629052,0.0
68,-0.025549582551422235,0.41368199007544587,0.0
69,0.054872775748955736,0.4242668802918911,0.036623421146860645
70,-0.00824295610260483,0.7865506011425266,0.018888193554004905
71,-0.4227012184963706,0.3068662269462419,0.351054785149398
72,-0.02931030190252656,0.8375386120393502,0.016377581739413852
73,0.1189435604633647,0.779337430570798,0.0
74,0.006914974049482079,0.9200024035711981,0.018276032008288427
75,-0.01921139982662371,0.8607412295552312,0.0
76,0.010757263961081606,0.7344816729909233,0.006384320745682444
77,-0.045479827113849125,0.7499737606139671,0.1222169399266065
78,-0.5973224464599899,0.7702735183975926,0.3904300545111611
79,0.8736028186099664,0.22822507065546127,0.9134622599730043
80,-0.0018212909250353926,0.3644523758532728,0.0
81,-0.09830176378091049,0.853400919526073,0.0
82,0.010384361846630719,0.49052135472879,0.0
83,0.012273810300980648,0.9187609951610052,0.0
84,-0.0036073086877271517,0.821098710296864,0.010411853172523739
85,-0.0440278013394368,0.6349552176863089,0.003215915924990544
86,-0.010426360868624683,0.6546332795337534,0.0033463160557549243
87,0.07415791938902339,0.6028056805263735,0.0
88,-0.03741072325206876,0.8202649030511804,0.05280940079031994
89,-0.04915472264599445,0.6786412270649903,0.010227533452992807
90,-0.005830462854315811,0.8157988936133117,0.0033518585008060087
91,-0.020550394608524515,0.47758469998299413,0.0
92,0.02440671622315995,0.45177851973880107,0.0
93,0.01867352750787278,0.48237353183035075,0.0
94,0.055168282024533145,0.8137335329769928,0.0
95,0.6152768427010541,0.9977797416325673,0.5368544377589106
96,0.06324557529989892,0.7365203516659985,0.0
97,-0.00780245931151007,0.8583199312079002,0.0
98,-0.08151996880465429,0.8290739489319446,0.0
99,-0.11424697882634285,0.4399937846489942,0.07523088693240244
100,-0.025804579365282257,0.8296526169162114,0.0
101,0.49919220894692085,0.6609000068738666,0.5689156385006784
102,0.3947756050221042,0.6770390835704595,0.7125679269675376
103,0.026539587695335366,0.8581202149358942,0.0
104,-1.0,0.6923141393620473,0.5005728335181701
105,-0.1735566938410058,0.44597317867089203,0.8761071758638868
106,0.09172708482605177,0.8144858253846906,0.0
107,-0.7777127160745647,0.4088886703786953,0.4576722625752664
108,-0.3554518500365489,0.2273656807717081,0.0
109,-0.06808079139556537,0.8218986851003574,0.03401963716003181
110,0.05611416117390618,0.8176421762901945,0.0
111,-0.08240760677739453,0.8051791520154005,0.045272663171747086
112,-0.018081243954011533,0.5692734407371224,0.0
113,-0.057500110132613996,0.78458874558944,0.0
114,0.060364089925103386,0.7261211013082389,0.0
115,0.006487165364939818,0.5226095268117705,0.0
116,0.03961083022435616,0.6510864057019188,0.0
117,0.5733634044140302,0.6016195952277091,0.20424235547307504
118,-0.03736598446866223,0.617089010527646,0.0
119,0.06997873214050844,0.8059495865609937,0.0
120,-0.931998251350379,0.724850725894609,0.36197945252969144
121,-0.1767259855780236,0.26184369782454153,0.5793384612899443
122,0.6385713968024541,0.3216993022535163,0.5319198082267778
123,0.18158210826735946,0.41822729263522695,0.06033607810931488
124,0.08432546402252701,0.14118156526829573,0.9964773007215221
125,0.10746882891544854,0.5802160832909659,0.0
126,0.10537752011100121,0.5864328395537273,0.009414815384965323
127,-0.512121149382939,0.9892080140067161,0.7235836908767723
128,0.04965723209041147,0.7212458479847376,0.0
129,-0.8386433323452511,0.6428341360962815,0.5625591515012794
130,-0.012787802294621049,0.7491648714081733,0.0
131,-0.08916573681568715,0.7318358624394482,0.0
132,-0.027171463907926508,0.8145875749973379,0.0
133,0.04422820668679196,0.8907781227644515,0.11477126122207855
134,0.559497274445372,0.3605464448318262,0.5738934987061951
135,-0.7640794979173212,0.6179119688459148,0.41949613681188636
136,-0.5948803214415828,0.37302360772639387,0.5160428379622061
137,-0.028628973868022878,0.8189956537823802,0.09526125232911033
138,0.7897895409792063,0.9513151105350353,0.4257245838809269
139,0.065560990623567,0.5842584288949543,0.02120531209439752
140,0.6177930279884557,0.07631117126238565,0.6943931407263584
141,-0.006841662443198469,0.6760368772791705,0.0
142,0.04692310598276084,0.37080036131726596,0.04673886689473953
143,0.04381241131210418,0.7077290031433223,0.0
144,0.012363390783610049,0.7477220131153972,0.01494939246114816
145,0.008184970600485036,0.6732054667918471,0.0
146,-0.010565562484390164,0.8598161008616809,0.1727071424683705
147,0.020818344213864318,0.5483706877883525,0.012052685460216553
148,-0.13418871554696332,0.8765979537828315,0.7435579487030552
149,0.14790548602992476,0.7906826962492243,0.0
150,0.07438901978601727,0.7635242634414384,0.0
151,0.007723470790940365,0.5172503158048118,0.0
152,0.0647065200969294,0.8366166174569283,0.08790595604724893
153,0.1036774109659324,0.4944641044668461,0.06442160618561056
154,0.0897345495576864,0.49851134038129613,0.03884729229453836
155,0.04162059044898856,0.8335586175657709,0.048368681637109515
156,-0.018332448629582027,0.9006272178952673,0.0
157,0.05157685842292475,0.4714756288612439,0.03478304281691443
158,0.09714011131297914,0.5473183098655287,0.04495758286087996
159,0.004963806673910367,0.8652790109317661,0.0
160,0.1734658599350421,0.9086765589519932,0.6917093906394867
161,0.802364294288017,0.956601680806263,0.7474828733769284
162,0.08268963772671689,0.5546658259116706,0.2790204711976366
163,-0.006182565169784063,0.8112962681704133,0.024805976865253786
164,0.029671785200217085,0.7032460646605269,0.039721191582915163
165,0.18762950593993838,0.4484578652206278,0.049129485636729975
166,-0.1032998704938672,0.8385754994357806,0.0
167,-0.0342289333862827,0.514063872042808,0.049569203024168444
168,0.10427788994622392,0.46517727039564777,0.0
169,0.023697899234335275,0.8173410710359577,0.0
170,0.03152173846037528,0.694909137320799,0.005776639567219341
171,0.07683120501826882,0.7334024340406964,0.04062466767754713
172,0.019473741935642178,0.44009490482645386,0.018312520476062057
173,-0.7757082093844806,0.0,0.9241303882098763
174,0.011912895383817033,0.8552101903896138,0.06395027470553365
175,0.05706404460176544,0.7231058124665003,0.0
176,0.02269875471618489,0.6657278492670663,0.022712096029053174
177,0.008440435784881462,0.7584594808630706,0.002354901983518019
178,0.7410979809966942,0.13583690703189533,0.05728605372768855
179,0.017526856613340917,0.846921308004053,0.0173084347823625
180,0.23857047027038286,0.07872245546208316,0.44320800681052136
181,0.06223333340432625,0.7490758325700829,0.0676643837991256
182,-0.7777101272721548,0.9325795345829675,0.0
183,-0.042095076729719905,0.4789645231061471,0.0
184,0.13932889918874586,0.18063415975063274,0.6309587347624811
185,0.1019413221197283,0.27533637558531415,0.45379958264089165
186,-0.017877077526988416,0.9166335753726922,0.0
187,0.5765392765649346,0.6396515910372068,0.08781962468973671
188,-0.06945924797973818,0.7854415488212126,0.03508077746913066
189,-0.7776429960746967,0.45703411588727544,0.17305743213282787
190,0.8121911244740277,0.0,0.8765004173529413
191,-0.6751737701027256,0.9384267474735193,0.2719500051177897
192,-0.01481186871479706,0.7587837364161023,0.0
193,0.5346177835350002,0.33186561465413145,0.06068479766144366
194,-0.34082380703481163,0.676965253631062,0.28100305327275277
195,0.0005365169650527024,0.8039353082481855,0.0
196,-0.01566620601851788,0.8897481598289891,0.005885389033529282
197,0.06336570285485911,0.7463823565486754,0.05570268256479366
198,0.10532103341548192,0.5565060636104969,0.05244587660613234
199,-0.8719937221744789,0.2338394243497542,0.2247395597711105
200,0.07344233523020324,0.4747874312067643,0.0
201,0.01629402151361855,0.7460116429004561,0.007341668315615321
202,0.356448058358306,0.9081017211494063,0.30127994851342693
203,0.03332476175165929,0.8044037248844319,0.07538545052890752
204,-0.09768937120309511,0.8735035927770988,0.051167467350451926
205,0.09482076566119298,0.21852261208238727,0.9935406532190532
206,0.05022033215314525,0.39711244057954165,0.0
207,0.08971957371501407,0.7570149772198796,0.0
208,-0.6207848425068457,0.7517974293469146,0.2337713010092215
209,0.14599867800626096,0.6197325570499791,0.11026219410310883
210,0.6301683151879324,0.9546562167199136,0.2564274764743168
211,0.11898787229324642,0.5957837089086886,0.0
212,0.10856475236236102,0.6948884847391185,0.025896245066983976
213,-0.018855953013252238,0.8191205553854779,0.025889580168377075
214,-0.034161778501062216,0.7967965722513961,0.03649006043802503
215,0.06890631071830057,0.6247423089888509,0.0
216,0.08349932824541736,0.45195248913900354,0.02811308178270715
217,-0.15527992586861766,1.0,0.42662054701214247
218,0.09681114080817915,0.8028978713699879,0.023000539830822255
219,0.0870483499925234,0.49740502023264715,0.009426100058653991
220,-0.024824506726204905,0.7539475767304363,0.0
221,0.10020275802263592,0.4781750922861633,0.015035089154515017
222,0.0937292570000059,0.7589516167229302,0.008565811449670158
223,-0.06214628717819101,0.8568739343891425,0.0
224,-0.14554636902464635,0.20542910256897462,0.388502337910483
225,0.12807926319841312,0.6116136337263488,0.0234415697009197
226,-0.025737577306418388,0.5888813442581275,0.0
227,0.16493581296833226,0.7977627153483885,0.023678462749020045
228,-0.03464612032297625,0.6114631645472686,0.0
229,0.00900851361946127,0.5177834922113911,0.0
230,0.05057173085488791,0.7701729465716014,0.011645269460503078
231,-0.022296578427996726,0.6836420197493742,0.0
232,0.04342464621212916,0.7280116046706364,0.3439200948913876
233,-0.04372287416197751,0.8436237662341027,0.0
234,0.1082242565170481,0.5681733068569261,0.0
235,0.10536293790949694,0.7339689968509483,0.0
236,-0.005264442653176944,0.6514596924275676,0.0
237,-0.037298497287211234,0.7858747867936946,0.0
238,-0.5371177600585593,0.21292545902756413,0.40047606574464845
239,-0.030041014460148497,0.8583384739503568,0.0
240,-0.8172552761881895,0.4415737524530218,0.91073104330815
241,0.04255836952497785,0.4950354095355721,0.0
242,0.2191123106265004,0.0,0.8671016658912233
243,-0.03413189284269599,0.5816310333834904,0.006258303797924966
244,-0.9145912496795259,0.9627684153629956,0.11265615835976238
245,0.06325162309731755,0.5255850227546678,0.0
246,0.19711723677929582,0.4385952894228583,0.0
247,0.005745965922648861,0.77909760820822,0.0625687354241932
248,0.060477102037910534,0.601907456780899,0.002776539320772953
249,0.06206711002456995,0.8846786221204161,0.21825215932170572
250,0.05176785455730659,0.8075639803763358,0.0
251,-0.33207771439018424,0.33062718129961904,0.6897657313516316
252,0.044896934807075774,0.48090501116558193,0.0
253,0.35494531782589706,0.5541363130367253,0.5661524545270943
254,0.012376178332375462,0.5342732603501563,0.0013096726208376554
255,-0.24039963723175617,0.07757628382332782,0.2736626116871309
256,-0.8238348431654468,1.0,0.06493709478953075
257,0.07218002754401016,0.6313912651363509,0.0
258,0.04675101254498899,0.7690244521252492,0.08234316679428905
259,0.7320374896696145,0.8851788001575246,0.7682868332979842
260,0.12856904275625763,0.6081388073539219,0.0
261,0.04325484066537218,0.5869663818860357,0.05141996581332359
262,0.11280778705364053,0.5460359935525188,0.0
263,0.07362207001793412,0.5790837927617787,0.0
264,0.06264148917857634,0.6250510496512893,0.0
265,0.8250135717049192,0.8264840996459824,0.8653285889821473
266,0.040278323256172886,0.7630080570592965,0.0267779374573292
267,-0.06447145441210538,0.7386493464345925,0.018730114136551106
268,-0.6471009902696039,0.576965460837959,0.6437300421007419
269,0.04211545850186406,0.5547691427278392,0.001362395438565236
270,0.05342455618457774,0.34756079881532576,0.0
271,0.120697756819251,0.7233360716190959,0.0
272,0.026174614180648606,0.8445209027018604,0.0
273,-0.09436315663214087,0.6153574797789755,0.09533950047186476
274,-0.060724234283768254,0.8327889545408086,0.028590102741760045
275,-0.010202855298841698,0.42645760883886447,0.022167080870746324
276,-0.019473313737059426,0.5708965994842499,0.044671398580843555
277,-0.033828800684647935,0.6011333521904698,0.0011792487383703628
278,0.23053516891226777,0.9263490350099817,0.7800121293817094
279,-0.003318736285631138,0.7823462862959182,0.0822669249516604
280,0.02042059902520756,0.5741833366974127,0.00921733898348852
281,-0.06753646667738947,0.8676034595900837,0.005618703912703219
282,-0.38358483930251736,0.8525685652014751,0.6653086264266991
283,-0.019599627830110263,0.6144039991328253,0.0
284,0.823458860065203,0.5231408665372823,0.5174802041133325
285,0.023286684599296368,0.7211558328110634,0.0
286,0.020203796888594156,0.5031757432091046,0.0
287,0.06538403004976066,0.7730111295891395,0.0532572810356646
288,0.022892916746508986,0.5344885753661749,0.04514062217902861
289,-0.2083398926178303,0.27564952619759403,0.972231526794128
290,-0.001269258354331118,0.3907717188252511,0.0
291,-0.00639931248966575,0.783407667601046,0.0
292,-0.9334808471300481,0.6418044208005188,0.6997968975536666
293,-0.43142903215285233,0.5825161029697669,0.07010266462251324
294,0.329946747942717,0.9703426082641963,0.06429045077697612
295,-0.0051406430170991505,0.8082531190462392,0.0
296,0.641405882783405,0.2667462590518634,0.7033671039944027
297,-0.07076161632210667,0.648338782739529,0.0
298,0.4183090681229692,0.7876775371812436,1.0
299,0.10037484880201901,0.6905247827283969,0.0
300,-0.03848352712007751,0.810337883234803,0.0
301,-0.030581930276089922,0.4954854332813877,0.0
302,0.002998658176503852,0.7318705009337412,0.011371958026023197
303,0.01476440340055931,0.6550154530621815,0.05405600446792275
304,-0.04257900413581353,0.8514862733695994,0.0
305,-0.09286386436768604,0.40973110110382793,0.0
306,-0.6524259642733359,0.4943866605375039,0.3868348955353752
307,0.09597954480387905,0.7735477233823733,0.0
308,-0.02332733541654574,0.7401617909229483,0.22704506358284965
309,-0.13125714680274805,0.7120170866192155,0.08130405277817168
310,0.003751397052486151,0.6083080472077115,0.04359628851923067
311,0.8126704471550827,0.8891357218439843,0.608184452255548
312,-0.06293382632822019,0.711635948725516,0.0
313,-0.048432347094022166,0.37342409459622405,0.006732484293371305
314,0.5368433368907691,0.5470402592398546,0.9019848617767223
315,-0.05723617034869475,0.7094507604116351,0.0
316,0.3613415996481821,0.9674607778935886,0.31226236474107416
317,-0.04470198173944323,0.5297559129662444,0.0
318,-0.9304107935821608,0.6284684429748281,0.44077722010263
319,0.7944684528669154,0.6255649514882105,0.894634751223813
320,0.010130827194319021,0.509669013068329,0.11815262974467018
321,-0.08254218176760103,0.5959325643369443,0.05721890436863254
322,-0.05787525068837546,0.7970669314406356,0.030875070707334973
323,0.029567939750768525,0.8311376408980561,0.051330703222818956
324,-0.21159512079967485,0.6889058857649603,0.4088127232674402
325,0.08912091509731043,0.8052831880941695,0.8583091072407495
326,0.03275658920420123,0.8039137913628338,0.025410274511399523
327,-0.03443698930198403,0.6643496272024694,0.07397473760001709
328,0.0035629475387490175,0.8116686127413588,0.0987806226853833
329,-0.024679474744360066,0.7794328160036569,0.0055403120965875526
330,0.1328233987478836,0.42637281084120204,0.47560163368918823
331,-0.06534334178968654,0.6844009433413968,0.0
332,-0.2020362859569314,0.2637382273160371,0.3077544188598448
333,0.022874255718311524,0.5154151918886093,0.06679055995684367
334,0.006203873339631322,0.5294198489813433,0.0
335,-0.5871861974965427,0.8593722708967466,0.08306508148258615
336,0.7417087090608354,0.35961668849699147,0.8778155238514227
337,-0.07628224690447014,0.806736030189317,0.0
338,-0.027656961331528403,0.8196544627173199,0.0
339,-0.08103870502014415,0.5444596768600081,0.05016800164382884
340,0.018673685561074023,0.6464965855784632,0.0
341,-0.021673238221261677,0.7601121188782698,0.043538698824551726
342,0.24503876465376745,0.5144799262646246,0.37186570101851285
343,-0.022837539530096436,0.78363529276793,0.0
344,0.3786056115385909,0.8632057913914958,0.8020715401367291
345,0.025826625414748915,0.7934302833358449,0.009228287223818668
346,-0.02723536204997336,0.7492926560808699,0.052206412774712954
347,-0.05631906762955066,0.564845901281945,0.0
348,-0.09700979572207036,0.8918470555789243,0.4433477994225736
349,0.0008459628223548682,0.8034630570248736,0.0
350,0.04463897832638724,0.7680053264585684,0.0
351,-0.10734839232373361,0.6926479330638037,0.16424354908765945
352,0.06575534726805946,0.790323690342681,0.0
353,-0.05363723358747541,0.6300454745942929,0.02963627989882375
354,-0.04280244759355892,0.5218972739390368,0.0
355,0.8534475845556488,0.5806385735193413,0.555744611235102
356,-0.014150897083658624,0.8089497518585319,0.041440035650123525
357,0.02118407250794615,0.7874874423927641,0.020933911372508905
358,-0.02741235443780131,0.4016309469968055,0.0
359,0.33042550731170894,0.18045432403954156,0.7187020808722103
360,0.6167464299453218,0.2478084048646967,0.5966509823020062
361,0.028221594758546964,0.7908634988817491,0.036062587465159994
362,0.025246310077466187,0.6876708122388827,0.006725617385187767
363,0.06418807685263246,0.7528288937349561,0.04146085482269969
364,-0.0635709126945077,0.8046401872225859,0.040382205731660376
365,-0.3725214601848714,0.13807537843032902,0.0
366,0.0668239490501121,0.8387999468471239,0.0
367,-0.00017018780680898987,0.765632576025827,0.03193529550470784
368,0.0689781461963198,0.7476607596145444,0.0
369,0.9925721566871505,1.0,0.6681215969324698
370,-0.026962957222853214,0.7981088762571915,0.0
371,0.2587569591715261,0.2520275758489263,0.04891224375728717
372,0.5909551349879281,0.21308017241867158,0.9075407943400047
373,0.042769283790371,0.24109356676128704,0.03876433154586599
374,-0.04891718159948426,0.44759488688005666,0.04213343605940034
375,0.008473137851507322,0.6907210665992939,0.0
376,-0.011593431863180341,0.4572569754957576,0.0
377,0.03797600098501666,0.752277147827775,0.060806816656664375
378,-0.06995614895608047,0.8519993418966969,0.0
379,-0.0027786555764718057,0.3700959895313835,0.01611918924584057
380,-0.050262218037838494,0.8309277925562537,0.014478263673672682
381,-0.04450881219541539,0.4367830935239518,0.0
382,0.012728144263054554,0.7706226890347487,0.023787806819548493
383,-0.13514509027643362,0.5166882852730839,0.0
384,-0.040871679428412105,0.8388157985515653,0.0
385,-0.010931675944589825,0.7480759174350483,0.0
386,-0.098663712827846,0.7555198445077509,0.031889710223012985
387,-0.042062835141449526,0.8193128004052688,0.05728700868942887
388,-0.03834479926072786,0.6392442163251862,0.045736177142607
389,-0.6970237409355392,0.5655218209274112,0.09445731093893556
390,0.06428837388028448,0.49143888115038736,0.0
391,-0.09501438100068858,0.39862879374288673,0.0033081439022266536
392,0.09907767929344956,0.8479575078133255,0.0
393,-0.010928899301823548,0.7808174105039853,0.001047775745221086
394,-0.740422205834803,0.6521308851973057,0.4914310002163632
395,-0.11348679197253726,0.6155880379136184,0.011836719941011006
396,-0.022925085741761712,0.8979086120574762,0.029269701273661627
397,-0.033889785486849504,0.7817338932844463,0.0
398,0.016197000658071982,0.7426536397032933,0.05728779705028565
399,0.05698175956284865,0.8089104736678455,0.0
400,0.09352918228557955,0.7867117284247129,0.046787003409866613
401,-0.03696802619773937,0.8809384984160137,0.0
402,-0.010032892762331052,0.7977963693478217,0.016231379476637532
403,-0.02703993534270062,0.827181059444247,0.0160747253332238
404,-0.020031107741822683,0.8466244922113447,0.07091228291055514
405,0.035296001509651016,0.7244741969516661,0.03918988623396284
406,-0.0014902552153481137,0.55259785490035,0.0
407,0.873961843767088,0.1989452357009768,0.20171815092689346
408,0.023124582271286834,0.7676095039858197,0.031572761816504376
409,-0.11457739873878058,0.7189900046100468,0.03931497530619857
410,0.01808788228288079,0.4876553887793703,0.0
411,0.13807842834882517,0.9056755677763032,0.6352764436681685
412,-0.07193400432682885,0.4319554364621548,0.00013851825339147083
413,0.1512228332442287,0.7083440973091507,0.6572989529452652
414,-0.047749489566992175,0.7350786446415681,0.07492064119622487
415,0.5575543754220659,0.7261129872212652,0.39634918682691367
416,0.01938895071903075,0.7696026554429912,0.00039384331487105507
417,-0.1123819691555127,0.4118633279086305,0.046667149388848535
418,-0.36862051874745067,0.7226113603771858,0.3435586958010949
419,-0.01342630585541364,0.7850743056608492,0.0
420,-0.03684124602498655,0.8396179385787025,0.13448538308911992
421,-0.05223887423162704,0.7525759047819451,0.08160401664939437
422,-0.5974297927863674,0.4251898337165361,0.9600154662994566
423,-0.8186708643277185,0.40866409017104005,0.6473927461632697
424,-0.03874503807435844,0.7466317433376195,0.07069945009223473
425,-0.11082278846009228,0.6166561976715599,0.0
426,-0.07049359012614417,0.7919645383520129,0.0375640473609446
427,0.11890514924782117,0.6878615709403921,0.7151139380007508
428,0.06294760545448104,0.4325690904996458,0.0
429,-0.0349267205253829,0.826871059781652,0.0
430,-0.2274915067055692,0.9115307803864827,1.0
431,0.5373623208043001,0.3824426180987812,0.3839023376855353
432,0.3673080308557184,0.5260352416154105,0.3796323356815696
433,0.016741177709112706,0.878652888164858,0.06780118217962977
434,-0.06374597976452917,0.7143814395999118,0.0
435,-0.015019228105123959,0.8230190506892591,0.0
436,-0.023168238079157324,0.5275269241013805,0.059063059750726656
437,0.054885183655630845,0.7702214723975529,0.004870841624641454
438,0.07261834273631998,0.8475845056333412,0.04155597499049154
439,-0.08536261765404658,0.4869263028726052,0.009685138212773302
440,0.0070276553484788715,0.49639687194751214,0.0
441,-0.028573186373665706,0.5104316432780349,0.024103250404105738
442,0.041045766671497154,0.7736878027095361,0.01110329803002346
443,-0.6480968376738079,0.9218355487758206,1.0
444,-0.016754928971295144,0.4754585427262611,0.0
445,0.03598122533159905,0.7757711047034649,0.0
446,0.07891919796327285,0.8241542859300038,0.0
447,0.3510197202735132,0.368287755946484,0.7535500857886495
448,0.13536820649111667,0.8480022303401121,0.0
449,0.0048291801244646,0.7043796346062625,0.0
450,0.05961293321993712,0.7794757831737881,0.006022330719471233
451,-0.15392416468618764,0.19872878664688623,0.23117026146655476
452,-0.04982276046305324,0.7733269600621762,0.0
453,-0.02329608939893515,0.5745627012405696,0.0
454,0.009335920921170898,0.8001652965924331,0.0
455,0.023537481454315758,0.7597615588467523,0.0
456,-0.3471573112581607,0.6128449306852845,0.19894582462505137
457,0.35447396321188923,0.03646391079184312,0.04878725612439171
458,-0.0284342505269001,0.6569396259778714,0.0
459,-0.0227419844999829,0.8567367668592774,0.03561903961317283
460,-0.019915346552344396,0.669672653392376,0.0
461,-0.05383883405293991,0.47397755952934717,0.0
462,0.008118640205041818,0.7845910046534313,0.0009544873362366185
463,-0.5119452139428176,0.2120722097739462,0.31687088920299067
464,0.0673894133735057,0.7652087879972285,0.01776518013496044
465,0.5372471877101694,0.09159280246936974,0.7361995616254443
466,-0.04200589762147097,0.37196231458223594,0.08710024402823907
467,-0.14991119529859678,0.5108287170709234,0.890503586938275
468,-0.006338442572405815,0.7746878797695891,0.026043565063590138
469,-0.6393550563683761,0.45895819479447686,0.057154250908469664
470,-0.036959855286046506,0.3423029057427024,0.0
471,-0.08892989546172704,0.5880552527446216,0.0
472,-0.04944752268463386,0.4722606716698007,0.0056140035688131825
473,-0.4357311168215395,0.8680033154449891,0.6727168948759102
474,0.006047686903250114,0.4926304427303291,0.0
475,0.9939192519780353,0.5169484999260058,0.8090134897444895
476,-0.09271951212715296,0.7160275812621982,0.0815907757862211
477,-0.012149429316029145,0.43979737009178654,0.0
478,-0.41395905295437296,0.5980320353805528,0.11267175080014277
479,-0.02515402978879591,0.6568761937369983,0.045757676047610725
480,0.11959465806723253,0.7690456755353172,0.00030118470734786704
481,0.9087522449595096,0.40002018960691876,0.49122892249863614
482,0.04416323443324502,0.8082728331406447,0.0
483,-0.0011237520498931176,0.8202941171945979,0.0
484,0.030549048245894835,0.5351166219024163,0.0
485,0.007940005899861274,0.7938058990160664,0.0
486,0.012820504270528978,0.4726919371544925,0.034972530234297715
487,0.02796967190815673,0.4019081059203603,0.04342817466113341
488,-0.012979162810615362,0.8629135316901716,0.0208572603709841
489,-0.07775348505579587,0.4490648973201644,0.0
490,-0.08418570116435943,0.5736399599094065,0.0
491,0.21881509881828765,1.0,0.6340131478503318
492,-0.009482207380427522,0.7757051087297547,0.0
493,0.08400918021826459,0.6513533375984767,0.0
494,-0.08017825337712084,0.5861015848745181,0.0244697262800029
495,-0.2640112464096212,0.15746686841885746,0.040101913579481105
496,0.026204269485852617,0.8225918440105474,0.0
497,0.9199726554204184,0.3717653589297192,0.3045008295317959
498,0.20349135522622075,0.38105805237907125,0.1442299654183253
499,-0.12277379781286253,0.7685439471293034,0.013357727562193104
500,0.9621898656770339,0.1908978333268121,0.21548733219856858
501,0.08319388387156332,0.8321677459239487,0.0
502,0.9254601086653296,0.2726739098758946,0.6963764089993659
503,-0.02037519760852008,0.8160886796473455,0.0
504,0.055858679558184604,0.8810862047596857,0.0
505,0.49765747453120046,0.3131572517253731,0.494847415036352
506,-0.04877984774156738,0.7837563922991548,0.023255160514990027
507,0.7095056492793284,0.9091851736491912,0.05905690276357877
508,-0.02997212759096308,0.7575753353884902,0.0
509,0.03729821376233813,0.7961970014835309,0.03747010346598535
510,-0.9725502014192797,0.6769853096134077,0.41432989078660987
511,0.040659927614225995,0.7477593792937457,0.04867735680792887
512,0.549651918885215,0.8862343832276286,0.6555020123480808
513,-0.010795820685283154,0.7919013721697999,0.07019911951819761
514,-0.37958501517271404,0.3131731645079027,0.961437941058917
515,-0.035619149504783044,0.7535406915532341,0.0
516,0.06141779643265021,0.7690818205816179,0.0
517,-0.08363593107957698,0.5922144059423744,0.002614713656277357
518,-0.043525888346559835,0.8342696830281228,0.015008701843502965
519,0.013178426854580694,0.6827657871180266,0.0
520,-0.6753640982246486,0.6124322064354903,0.9491409145734835
521,-0.8861277556500123,0.5924866334306735,0.7773492210115466
522,-0.8452039279531482,0.5697597912763335,0.13397652945430344
523,-0.4987149223326786,0.5455291187692755,0.040493593628813954
524,-0.042283960829785895,0.7831955357342506,0.0
525,0.8412694129769746,0.8539284664856018,0.7036982522758269
526,-0.07337651077477127,0.39594774372823205,0.0
527,-0.2635546527712563,0.35874662955490316,0.7366250242619488
528,-0.08812810447295849,0.33088401630775055,0.0
529,-0.07583619861344254,0.369089588265209,0.011234300240129905
530,0.40551226440367166,0.3017082914464801,0.43409984016640735
531,-0.014956671974882802,0.7645464529182232,0.043715385231734676
532,-0.6447528809037716,0.5723201366186134,0.5655861195009295
533,-0.5834582772418047,0.04380917862343548,0.9774768986504118
534,-0.04319514267401217,0.8443135741920053,0.03626339938559569
535,0.05588441225541066,0.6071813241211362,0.0353319883737726
536,0.010913374731462921,0.6300252415243216,0.0
537,0.8735302668180962,0.6446318198064462,0.0
538,-0.009365123881517496,0.7462019634837821,0.0014342137745201361
539,0.674073669121662,0.8786763690057232,0.41146071952046054
540,-0.0842560531194692,0.8186419351799595,0.0
541,-0.08494151961249627,0.6040446167734596,0.09050799667942787
542,0.02390413970731061,0.8636023617471603,0.025724153833905222
543,0.7661179930290678,0.27336161327763936,1.0
544,-0.4010261527565012,0.8781883081024262,0.6108591680616366
545,-0.06850805025702003,0.9294976815331545,0.01810594773848951
546,-0.030632860442883825,0.7743519824294941,0.0
547,-0.33091278693951703,0.06524945281822336,0.709674861282266
548,0.06766533198391463,0.44295068482570954,0.001894960831981007
549,0.050819433501624,0.6079044373886975,0.02361440440653034
550,0.009270673460911098,0.8100034644335262,0.0
551,-0.369509194715484,0.7123253334868541,0.5480866549456568
552,-0.05790249589638635,0.4887889007786935,0.03417220856560809
553,0.05278189243292908,0.841878503521525,0.0
554,0.10697239180637617,0.7620531158353265,0.0
555,0.2815692895403248,0.092699497966483,0.5383303604917115
556,-0.9087185896262432,0.029766561508434812,0.8434747482594726
557,0.09007285529911133,0.6880214176140508,0.5837588594520122
558,0.5062720030687597,0.3529772302589147,0.02488271502360105
559,-0.010549532425290678,0.521526368963769,0.0
560,0.03081912374845275,0.43694162795878067,0.0
561,0.038255588571139684,0.80812810378098,0.09723605221210616
562,-0.4587522199346371,0.042132229403069765,1.0
563,-0.8201114778161456,0.3165285109136636,0.0
564,-0.002751980437128267,0.780625727158385,0.0
565,0.7724408234765631,0.32671454872538824,0.04276391776386251
566,-0.029821708093152485,0.8639166331955042,0.0
567,0.004487518786417791,0.519757059817335,0.0
568,0.027839968033865972,0.7729368969248194,0.0
569,-0.010014422079927865,0.8544264253566818,0.0
570,0.0029720457419997563,0.8527643090418922,0.07452156276284388
571,0.2488429611018174,0.3621265552394322,0.16966222333767136
572,-0.38022756180328987,0.553532426788012,0.8609570653716525
573,0.9407631738605983,0.517976876394722,0.9280985075620117
574,0.03210056695019781,0.6200817360675666,0.03557239032209369
575,-0.04735673953300329,0.14069280934922002,0.8634752639067786
576,0.9419273398199198,0.15906110348029634,0.41907009338850965
577,-0.04250728758014486,0.7909532125672734,0.03257042295284633
578,-0.3333557881569303,0.17078859912099253,0.4650953352895611
579,0.0498094809916195,0.8073153764128197,0.0
580,0.05833194340728065,0.3719011499054747,0.0
581,-0.036654164824591884,0.7431503446673567,0.044163256663461214
582,-1.0,0.33760893191362557,0.7771127837823486
583,0.22683956270532496,0.6207185887807414,0.9355106258628347
584,-0.04954021403488487,0.39596342000050394,0.01751713756462007
585,-0.6845349010448969,0.9287270141805782,0.8116093595405469
586,-0.07020433182255116,0.7352766218094557,0.0
587,-0.7514166851089356,0.9442358146116339,0.8523150568380338
588,0.03459725014176613,0.7985112481295877,0.0
589,-0.08499539314202764,0.789353152976629,0.08064411329131889
590,-0.031051653097209343,0.4192855418903259,0.0797402158887389
591,0.03207767412640411,0.36780642777331735,0.0
592,0.013618650900720175,0.7883143965645323,0.0
593,-0.03710925734377289,0.8548131896339601,0.05820268373659239
594,-0.025406648485064555,0.7481050885898635,0.0
595,-0.5035408302620334,0.9063754628419729,0.2941180921820423
596,-0.018421319606026578,0.855142177975842,0.0
597,-0.04489712397212731,0.7482730028680528,0.0
598,0.016192164669632265,0.5375385668168636,0.025158232121634733
599,0.01236225496596866,0.8049141334297474,0.02434561348598675
600,0.022732064444274315,0.7908550688940328,0.0
601,0.054877022862396985,0.6318723120553577,0.0
602,-0.09035023988731979,0.8080516752277653,0.005179584850305122
603,-0.009237590506664957,0.8097496740757166,0.05516738751196035
604,-0.4280703286331313,0.8755153955121541,0.43974691684469325
605,-0.02086639380123547,0.7203120785592976,0.0
606,0.02528643066267615,0.8777068553839642,0.017748160371863973
607,-0.04756373556268685,0.7615994015602053,0.0
608,-0.06880652501780958,0.6733303736439675,0.0
609,0.018570052298894694,0.7548182512581955,0.032174813737995425
610,-0.006469293538445095,0.7587291597836718,0.004130885390645162
611,-0.17361655962428227,0.07541508117115478,0.9114208061669725
612,-0.0732158568502713,0.5393806199598385,0.055873729147055164
613,-0.052826462253405336,0.4057615606574913,0.04402662511319594
614,-0.007026771221564393,0.8315205703420221,0.0
615,0.052437983872010846,0.7565381697794599,0.11624998167677231
616,0.15371486690237496,0.16927574544724625,0.5421761279384956
617,0.05756240309913,0.875950489022265,0.017294587429426616
618,-0.11611257113593042,0.7014052535975275,0.052396095110955256
619,0.024917047959446964,0.6905238735232386,0.0
620,-0.06283079026746155,0.41350550882743997,0.0097529922955109
621,-0.0858754421799416,0.7927546219573182,0.004397059537456096
622,-0.0013605390195604323,0.7955537083115185,0.019337717852900296
623,-0.018862874488948102,0.780204408317823,0.028124820764853953
624,-0.03140743243950551,0.6915521984463366,0.0
625,0.003416384076810581,0.7201620586992146,0.0
626,0.0087253688740759,0.40975217482291176,0.016421400223385257
627,-0.05168796738086742,0.6213778726764633,0.041823478920261115
628,0.8719199558463291,0.9063181338020517,0.474685389315342
629,-0.01372121321684196,0.5180738816650882,0.0
630,-0.01867190343626214,0.5522308103110982,0.034257470993035714
631,0.0481773394430204,0.8257675056922402,0.0
632,0.0055822048648854735,0.8129908960340566,0.02076424193260741
633,-0.052769623070433994,0.5676653445221108,0.0
634,0.9231306283750539,0.9766961960118415,0.7297240841552083
635,-0.7329693100733166,0.07599334206875873,0.8962300395351198
636,0.03563859137909653,0.8104148084426588,0.004770632009676896
637,-0.5960795183568702,0.41183376616911194,0.2551676381721302
638,-0.05530860747693607,0.6513872671656266,0.0
639,-0.4179608311041909,0.582895729719473,0.8158075265877607
640,0.4301893465316138,0.9187652395662911,1.0
641,0.049426898513971675,0.730882052155487,0.0
642,-0.013714733124228693,0.8646950818876468,0.05144622376592019
643,-0.016394096964887618,0.6505160498200556,0.06102888173802943
644,-0.025352119077931973,0.18180957783739618,0.5091375706955912
645,-0.06458188904571742,0.7467727016528471,0.015449059727052367
646,-6.323694923347604e-05,0.5817377847458918,0.0
647,-0.01214518613178901,0.8847533663979775,0.023682122357532993
648,0.013550123265291501,0.7869822763346638,0.0
649,-0.6669289548647849,0.20413872127348814,0.0
650,0.01180295952723031,0.7697998742026398,0.029021467297261447
651,-0.03870722489382114,0.7534661052843669,0.06382801486718624
652,-0.6091508210161911,0.3791550245155437,0.458077384900603
653,0.6282143468474027,0.5601661922431258,0.9084368867299025
654,-0.025476566435709416,0.7784296204355527,0.03539863060633915
655,-0.07405710320668073,0.6464730319867736,0.0
656,-0.6293788116333114,0.7038099088305999,0.964112469898275
657,0.33271800879362756,0.3532149202151986,0.04402261551047961
658,-0.024601437511584896,0.7398614933883412,0.0
659,-0.02871809260420537,0.6462290740821326,0.0
660,0.011313277926834415,0.8083076019312422,0.0
661,0.21375019125876243,0.5571101113739256,0.9695524122863184
662,0.10965177434034923,0.8161839456925414,0.0
663,0.02321895199403204,0.847049344026009,0.07628894423777392
664,0.016435355100179502,0.6462081579091195,0.006154511180771976
665,0.9625357341164997,0.24530691134098864,1.0
666,-0.0424783851099738,0.7401180456643505,0.027861426964655836
667,-0.1265312362522563,0.07388016915670173,0.7229745006085635
668,0.002122074729292314,0.4272576115083699,0.0
669,-0.08072358833358317,0.8352380555278724,0.03252132442260252
670,-0.20002995972541895,0.7054407076881081,0.0
671,-0.030680711802328016,0.6947989269353477,0.0
672,0.24197195109274633,0.04279654503941286,0.9864306917187682
673,-0.005626250758119184,0.7717881608285467,0.13322945222409985
674,0.033791897168817364,0.7044540076698943,0.05628451114067162
675,-0.002411730773908681,0.9116519313269357,0.0
676,0.07897332691551945,0.7811324580270365,0.0035757593235296358
677,0.06657425252575533,0.8241319721394632,0.0
678,-0.00527937648160492,0.7813720326420782,0.028518783885627015
679,-0.0049591336052129,0.5406312663209243,0.04777443019422603
680,-0.06268150231771547,0.698779225134202,0.0
681,-0.047134485585772254,0.4659675391094532,0.06324100054261976
682,-0.06441767593387265,0.5974784629825876,0.0
683,0.36339754214872216,0.20560694715459457,0.21961164398118804
684,-0.3289412404538665,0.2311721790903442,0.10100802116686236
685,0.8435715516814302,0.5655802458293869,0.39470741454658526
686,0.06859600334232974,0.8213109774910878,0.0
687,-0.021702067901362393,0.8385847797664614,0.09008706682089765
688,-0.0714061480816779,0.5348883352047998,0.0
689,0.8732151821732013,0.5272368902109436,0.028410138000230838
690,-0.7073308787163951,0.7956639659161264,0.019880638589040975
691,-0.6643592766896009,0.8072979626946942,0.7306444482859651
692,-0.05960678739406938,0.8746469353426336,0.0
693,0.006094979416771994,0.5650571677285985,0.0
694,0.6291742905454603,0.3511984463018905,0.5651608394614678
695,0.8432793355579153,0.4997207207983464,0.9221028504190297
696,0.03070869277247458,0.7574650426166901,0.3438165640828827
697,-0.42172545030388897,0.3137905121025517,0.6393028166260644
698,-0.3059149483807966,0.907807267940769,0.7972876496007597
699,0.03803518347792138,0.7178535326383314,0.010461071694296442
700,-0.03475602724799292,0.7439843225180096,0.0
701,0.001473353330659499,0.8194222514875901,0.0
702,-0.7100622168968445,0.30109919653034617,0.9084711295747341
703,0.9576946240002732,0.6826739413985461,0.5391161829684608
704,0.1046309588649213,0.7648622991028466,0.0
705,-0.07639729294710351,0.00567598786376191,0.43161193847450474
706,0.20718573426173742,0.6944623621577515,0.0
707,-0.5354133979938258,0.7119676708301439,0.6663466338280241
708,-0.03877196146367257,0.4131371453880029,0.0
709,-0.060002044041318994,0.7881495503402044,0.03644265945144434
710,-0.023379739457293873,0.8154442347251265,0.07061826085714144
711,-0.28581663985773587,0.2313927452234133,0.9913511655338441
712,0.01330915884503166,0.5510330553245297,0.0
713,-0.009531428809142588,0.8264759993511331,0.0
714,-0.1749756872449575,0.05066427643275475,0.7724345845627915
715,0.2498460646432084,0.36000297380919,0.5331863523899282
716,-0.04191886933808156,0.3863264780536403,0.05031602597401917
717,0.03963618469339605,0.7708418611428816,0.0
718,-0.027608752364215818,0.8405013308800537,0.0
719,-0.3810330988269834,0.42284792125336107,0.5010248280918177
720,0.0051380744156181895,0.7692010325772922,0.00858514915484322
721,-0.9028243524408726,0.16015576958297553,0.535213283757111
722,0.02718196827891281,0.7840082428721682,0.09292905337975088
723,-0.03492436124926069,0.8831024246809209,0.05793155607394399
724,-0.05111856372077688,0.8542394278126576,0.0
725,-0.9790160940489328,0.8323006479028668,0.6925619474231723
726,-0.029311326369186843,0.8818242669699115,0.0
727,-0.7943189953941806,0.031217589132971686,0.6690478453060132
728,0.08742495450784911,0.3599326328011915,0.0
729,0.03229568791106764,0.7628759439000314,0.040387303417360944
730,-0.050136548510016254,0.6614176537021199,0.0003458630385674412
731,-0.06803407024011919,0.7253941147990353,0.0
732,0.08198731730148007,0.1877181793498926,0.7197525202298037
733,-0.02893855455763878,0.7398490709364846,0.0
734,-0.03323514391334887,0.4945877996532858,0.0359381545368093
735,0.0024557077576303253,0.5254050382276897,0.0
736,0.03618801487270477,0.6363207360586175,0.0
737,-0.009078933264233504,0.3467644900935215,0.0025033272101551707
738,-0.003590796632560931,0.9040855901254542,0.016763052377006222
739,0.9990392774966191,0.35023609672596373,0.46543866713967263
740,0.8384570667865516,0.9947714243652865,0.8207083894434637
741,0.037944718941505855,0.8198513170217022,0.0
742,0.14690821927802492,0.7842076894751377,0.0
743,-0.07478541771681757,0.6289426066151957,0.04683415951666527
744,-1.0,0.4129360804752135,0.8007196282813026
745,0.010655443380373828,0.5192632497877715,0.0
746,0.38473821542747383,0.5762965698061144,0.04584228579966726
747,0.07580395041536431,0.385229325697619,0.0
748,-0.05216604550830261,0.8606308635630149,0.007549199731505996
749,-0.005862857029769357,0.7882955254240485,0.012249919050862654
750,0.29027930575895455,0.6372803032281404,0.8766383296615763
751,0.011971305844645305,0.7926006810193014,0.013361182356424634
752,-0.0412298300883882,0.7129320968625761,0.09943575913996733
753,-0.00809603382257692,0.741236623979836,0.0
754,-0.03437353988991371,0.7902687526460069,0.06655208255778798
755,-0.015419432955257786,0.7579332189595479,0.03173360126453596
756,-0.12522290077111456,0.8663401054071189,0.13979045134116885
757,-0.0027155800089741695,0.7941987299780383,0.0
758,-0.06325027599048615,0.8119241525944049,0.0
759,-0.4581401099467627,0.00044145733740166837,0.6448536038667606
760,0.057618334080801234,0.6292783334400598,0.05302579103202215
761,0.9341312003478357,0.04530171835993485,0.532143082953585
762,-0.07088834268576018,0.6729548131869474,0.04122677692682968
763,0.04307213474490246,0.5612374069031939,0.0
764,-0.07521458255588521,0.8061225959901173,0.11324477930539596
765,0.03190874782237774,0.6240735138421386,0.10410479054262378
766,-0.20899772172144948,0.7805364023725803,0.8413130537696126
767,-0.07578080599408635,0.7361794568424807,0.015260905597791658
768,0.009866060773755186,0.4258517678756319,0.05177446488816228
769,-0.43011107092983547,0.6194343937028075,0.1633869825620108
770,0.5988210411073573,0.40958143367603617,0.5324679309992814
771,-0.010874889209072388,0.43185234480360385,0.0
772,0.03309775151483584,0.7704112151150737,0.0
773,-0.01913453337241426,0.7397721300134852,0.0
774,0.021593254501883406,0.7757409327490584,0.0
775,0.01607654646502175,0.5398209143494321,0.0
776,-0.06411067981426744,0.8386241871958607,0.0
777,0.02185479616893959,0.8297963218999085,0.0
778,-0.061704957829324454,0.49507094011800074,0.0034971787703557025
779,0.24045926653217026,0.25481632464419013,0.48832927075218335
780,-0.9071065255187306,0.7747051077905306,0.27495440827208295
781,0.5090075368261736,0.08996020488802119,0.5989780753046965
782,-0.06842380407020414,0.8205802442828234,0.023509449583670388
783,0.6818388181045583,0.18091315883508957,0.28560701640161434
784,-0.028592251419017008,0.8245606741345105,0.0
785,-0.8637935654796988,0.6660027505724055,0.44096049357612316
786,0.01295545161701165,0.6499233417778181,0.0
787,0.031416764350019964,0.726053977358518,0.0
788,-0.02298218311860425,0.8010032370140616,0.0
789,0.5679335742641958,0.18187051015597577,0.4706436890329563
790,-0.5714587244788183,0.8987198565780076,0.05890823380722666
791,0.02863169505551262,0.33283269210569866,0.05849984592051728
792,-0.004257747724942441,0.8883186095542911,0.07236225611750272
793,-0.004013415631442643,0.8739597730651308,0.01353922017358012
794,-0.019364816316829608,0.7957295069257905,0.0
795,-0.08635389660622635,0.6195678697548364,0.0
796,-0.05514887129554461,0.6496469226667984,0.03734830515625097
797,-0.04606586621134032,0.7569572031685253,0.0022506517359151693
798,0.007538031805244186,0.6543825675238517,0.0011154576630239455
799,0.0325657416450252,0.7915818326637506,0.03310647768967478
800,-0.4357000623230085,0.7625437645810449,0.32536216624285286
801,-0.017064302827572368,0.6707043345496566,0.0
802,-0.14401352240611293,0.008592306351132742,0.20748558330336359
803,-0.0278381873453845,0.7127451775252872,0.07778325736600478
804,-0.7887334281443736,0.06871239953510268,1.0
805,-0.08092945635871375,0.5787107223292989,0.0
806,-0.11666042462456919,0.7479411232111284,0.0
807,-0.2956062872000767,0.42560457837613197,0.6451627799560881
808,-0.3037172435545946,0.023807093123486632,0.6162765908894874
809,0.9327664116781811,0.7580677499149474,0.6453839008357984
810,-0.046679948786432196,0.6041899389979557,0.0
811,0.25846516374833994,0.891385001065867,0.22033581157737445
812,-0.40374422702407964,0.14644219848102996,0.5285545193381141
813,-0.038304543496033044,0.6841151668234172,0.02075216103564112
814,0.13886043158899786,0.5129157559524423,0.3308974864611177
815,0.018523775629590213,0.5591607509442235,0.0
816,-0.2907566678815025,0.8084955653648679,0.09586970534830969
817,0.02914166070840457,0.5706239699897635,0.0
818,-0.6838727027005124,0.848193470379884,0.023581438536354526
819,-0.040014274667257925,0.8284864044798977,0.10082484049621421
820,0.00551647065563419,0.8286388790054108,0.002433747800065207
821,0.003751833245715694,0.8480348126786869,0.06410536150289434
822,0.2384409723917649,0.13777540053888435,0.33044995885902106
823,-0.9143237839240553,0.7163515843394093,0.24689875621665258
824,0.010800489960434879,0.5931406677645723,0.25636960462160135
825,-0.37570036684950137,0.18279463258832335,0.9423766426800533
826,0.026477190957085867,0.6956133856719795,0.0
827,-0.1582580406138181,0.5346973329839101,0.37493980589550235
828,-0.9231117125452729,0.910539491127016,0.9764111915120691
829,0.026588549209600826,0.873178273165386,0.0
830,0.0048884288665279035,0.839733825633235,0.0
831,-0.023557002339067826,0.8118153244046645,0.04158518046074744
832,0.021865663772884122,0.4429865412530641,0.08527684158621414
833,-0.10209878872885078,0.8482044179526768,0.8316557488923119
834,0.038130282228552304,0.8726355349848557,0.0
835,-0.0305958812358649,0.6827350843799814,0.0
836,0.09753698978024257,0.8853933029011972,0.0
837,0.637200465738277,0.38670604082577353,0.18425846737107388
838,0.025209539309871815,0.8362790845584289,0.007367504512922247
839,-0.943063797197113,0.074297466404521,0.046725407857742714
840,-0.04580074811900963,0.8220875878216272,0.0
841,0.08918999240414187,0.817924187650929,0.06930345350764772
842,0.015590095163159415,0.6942455583852302,0.0168986749537945
843,-0.006392822519241704,0.8866738318258883,0.0
844,0.0005901717390618942,0.7661362014722682,0.0
845,-0.04460342924420241,0.7704667547852654,0.0
846,0.1065635640433654,0.8627434165071651,0.8443640346468556
847,0.1539200097610628,0.8391003276620299,0.0
848,0.02937361535732469,0.7729197913273441,0.03406321736771325
849,-0.013092118961888865,0.5430870351941208,0.014820431494295787
850,-0.1614567069710503,0.3342057453469823,0.03396497821297655
851,-0.3132150030084854,0.02661828997449045,0.35706495412501194
852,-0.5311467089071945,0.34240187063918054,0.717719850574339
853,-0.4807887205716693,0.1383025011104151,0.706080832380112
854,-0.06276946270064176,0.7519293464289785,0.0
855,-0.05266056776799998,0.8076415922008706,0.0
856,0.4914360693956701,0.28159534677364917,0.653213584860204
857,0.8063978939158023,0.4623598175458898,0.7760216002795582
858,-0.02176350236582872,0.6905770934721684,0.0
859,0.06577252633956612,0.4941423322659103,0.05008152438088867
860,-0.03372240935769701,0.34731762323911913,0.04684651647893845
861,-0.07543621747965051,0.807565383030275,0.0
862,0.04120743702132174,0.7853458631162454,0.0
863,-0.014379390801249845,0.717352892367111,0.017677970119250565
864,0.812626756237489,1.0,0.8159861206531321
865,0.22441986748508755,0.7237896635967744,0.41019682916212685
866,-0.9419960078860654,0.5644697957262724,0.03392606091486622
867,-0.48696829839605704,0.43238324032592496,0.5855787532531482
868,0.016856096741754933,0.804431647137642,0.05014056844741299
869,0.10623984798391245,0.7859255145852287,0.0
870,-0.08218488970072464,0.7079142288022107,0.0
871,-0.0049493638648299585,0.5028199426275883,0.0
872,-0.4431184231448658,0.6954011461246529,0.6745924674398844
873,-0.37938052538476746,0.1525615563837287,0.35512345578837917
874,-0.060123004659789474,0.7352333200360803,0.029913865909669924
875,0.06055430013470248,0.573703349917558,0.0
876,0.016361236110134642,0.5353808360817276,0.0
877,0.046145085064678536,0.7107677838880784,0.0
878,0.06910311349702841,0.8274957585079434,0.04128132752488181
879,0.007829562092785907,0.8343301237404647,0.0
880,0.0071198691575239635,0.7862152886117036,0.03995579289299715
881,-0.014633744817386,0.7828499187126706,0.0
882,-0.04059399363636934,0.8192364280799461,0.0
883,-0.08376792290919371,0.7385311059960167,0.055339949446422655
884,-0.0006554105080810728,0.792943511784867,0.0
885,0.00455205613490038,0.5504412832023704,0.0
886,-0.027942737927821773,0.40043717789043787,0.7036703462875067
887,-0.0462963588193615,0.8135912567727479,0.8114816487908147
888,-0.2847457475792707,0.8614802062658659,0.8872995104773785
889,-0.01742292913334737,0.4980165546597906,0.0
890,0.01450929709838814,0.42863065584627347,0.006042836985775461
891,-0.6770383736517928,0.6759669751805664,0.44860372215572825
892,0.03216898573957037,0.8254630726506601,0.022389012605952538
893,0.02488746987322522,0.5988981818611224,0.0002620533836405127
894,-0.08993719602403526,0.7331132195531175,0.009626610986335021
895,0.04483039107867101,0.7818765934917578,0.0
896,-0.05322076971349152,0.7263277527815374,0.0
897,-0.05332312337798833,0.600932062361435,0.08213561488873777
898,-0.004961123027448519,0.7539689281380454,0.0
899,-0.07395922667373826,0.44332246282592436,0.012703322460881048
900,-0.0053811812777569724,0.7298894354559062,0.023580550521437295
901,-0.1692350577271474,0.9837393699784189,0.7192577792726133
902,0.12355950907537684,0.4364683034979741,1.0
903,-0.012635290330156614,0.6034856567821784,0.0
904,0.0643764960764161,0.9332958713710438,0.0
905,0.8416041689526788,0.13305828804688766,0.5762223845501552
906,-0.10564533375184122,0.7828835480819316,0.0
907,0.00933110323602597,0.7102694479030397,0.0
908,-0.8287846453158999,0.4582460756684663,0.5617585635429212
909,0.0672742698519628,0.5295443608389757,0.05682965231655181
910,0.06743155391675057,0.7307588320062822,0.0
911,0.037385374789794375,0.7723412935002313,0.00907402419621
912,0.029350248525946712,0.8328078700454791,0.06454441199270063
913,0.02417011560733698,0.4607347370647106,0.0
914,0.001883280340776887,0.6636863132479978,0.7137479191673255
915,-0.04157786582170196,0.6189045393485287,0.0
916,-0.040308597911013815,0.7728883783117698,0.05608320257977706
917,0.03012653715098766,0.7069680635221637,0.02687341933521727
918,0.03180417319511993,0.7517978754792786,0.03257637999586871
919,0.055993402562199174,0.6983926021151554,0.0024928041145836784
920,0.048163103337712745,0.5909134516354251,0.008618023646072793
921,0.004008137513927845,0.8086826335510023,0.08840189478364091
922,-0.012289706408689474,0.8460358115089337,0.0
923,-0.0041849764474276435,0.7456146157210559,0.0
924,-0.48952605796729115,0.7916933680799267,0.3891630101709489
925,0.3906575966385445,0.9105109619842969,0.6837114345182717
926,-0.36140927476612617,0.8366753079158396,0.15696437207502748
927,0.049913266907870665,0.5112004832298132,0.0
928,0.003648415569705789,0.7135050972400404,0.0
929,0.014389617544914496,0.7187424291942459,0.0
930,-0.019436686528138864,0.8220070341027125,0.0
931,-0.03170274036974536,0.5786209940218552,0.0
932,-0.0063942262998156274,0.4120493299751169,0.0
933,0.06639934709657248,0.5471960278285195,0.0
934,0.26479262539533516,0.13080176406267313,0.2793883195356017
935,-0.07979891378724155,0.37766969198702577,0.5388981906472342
936,0.723514492477919,0.995270505619108,0.5745765671088167
937,0.8315085433166713,0.4437819052526713,0.29558503937263114
938,0.7159009229730975,0.1305957902373469,0.6234294032621673
939,-0.02104911479104494,0.7872540729570102,0.0
940,-0.055062104652233074,0.5979563572939388,0.0
941,-0.06995049487229585,0.8134589091243832,0.0
942,0.044106519851427134,0.7882533471677493,0.023288318738393474
943,0.04557823339382071,0.8109758041882045,0.0
944,0.06325669424071828,0.8392976174382619,0.06105058919007647
945,0.025064410650442476,0.44201100806677646,0.0
946,-0.17465254162263164,0.23857061717907463,0.2416300317496468
947,-0.8029327538122881,0.7721260371695821,0.06523923018690284
948,0.004249933538554855,0.6815689112776221,0.03955635605201888
949,-0.051739508431465686,0.36589385422561754,0.0
950,0.891068693325844,0.16240106955795985,0.0391189133006498
951,-0.047647687537033745,0.41422657003398666,0.0
952,-0.735856546157718,0.470491487966844,0.0
953,0.016194706818672435,0.6652190196398873,0.04127594423054013
954,-0.10199900410499907,0.7473165697375656,0.035866787637199686
955,-0.09449475664571742,0.881300346394963,0.0
956,-0.021467169384287367,0.393171964166571,0.009366519683078677
957,0.0388464476652922,0.46697947214390456,0.04535765940633236
958,0.026289883236308577,0.7793024498503451,0.011017550680578303
959,0.00416133430816867,0.8207716807205153,0.0
960,0.007204425044915723,0.5209987257347479,0.0
961,0.528551370111568,0.33261858313048487,0.785954529922945
962,0.08258547762718119,0.8150330563566698,0.0
963,-0.03027055204383891,0.7404651232997513,0.09356026127649708
964,0.09318418137743202,0.762931871458923,0.0
965,-0.1997992950884326,0.9076041721519511,0.5638421391378006
966,-0.03446019037286173,0.5151674000235166,0.028845426302837453
967,-0.028309530067527094,0.8219505249877868,0.005776835060358827
968,0.005903506722980838,0.7279518468696774,0.0
969,0.055097224199081425,0.7766346154200886,0.0
970,0.0023935015029840335,0.7596139004827294,0.012120938324230357
971,-0.5457647776804666,0.27403924893649867,0.7422800767576565
972,0.10190091443789538,0.7717542027745172,0.06851495783546359
973,-0.024189849744654712,0.6480860638558796,0.03749510162084587
974,-0.03135386530226501,0.7451596751764133,0.007095563915702676
975,-0.03668656706513284,0.8745660914882278,0.0
976,-0.04637646066915209,0.8330726803637534,0.0
977,0.00822306505390047,0.7689019724135462,0.0013195775487106392
978,0.27927982956016234,0.11266053319916855,0.776106719197961
979,0.019823060876432437,0.7719568031935312,0.0
980,-0.02637323866411731,0.6448911920895852,0.0
981,0.007352590797831953,0.7524438974074217,0.07830119633480252
982,0.05417073469785303,0.7985038604379809,0.018210944259908945
983,-0.036429931015327204,0.8214532201845264,0.0
984,-0.08451176892729448,0.5363166960825656,0.02994031998843895
985,-2.57172695932411e-05,0.7731413715014029,0.0
986,-0.1545563508966543,0.580995603108749,0.038668157699139255
987,0.764642516105189,0.46534667986826445,0.9711834707672404
988,-0.7360129519909049,0.5449812677169931,0.13008810858971373
989,0.055068173704783424,0.7833727835855413,0.0
990,0.04995364176037767,0.5336841098382352,0.014042688619878022
991,0.1243959323050665,0.8375721495872752,0.0
992,-0.004906753332396462,0.4097795352187852,0.07092063755150105
993,-0.03313680243847405,0.6591280888310078,0.0
994,0.04662155747542461,0.8187705186292954,0.0
995,-0.042034151759137134,0.411190003514715,0.0
996,0.03217043914411588,0.7381421885141034,0.005794098889480488
997,0.004119259414215322,0.7780364556463009,0.112648736222114
998,0.39306685894089455,0.13931949041725933,0.12664184437098422
999,-0.0041676625339473975,0.765382671509908,0.10933365654392815
